{
  "recommend": {
    "precision": 1.0,
    "recall": 0.9333333333333333,
    "f1-score": 0.9655172413793104,
    "support": 30,
    "confused_with": {
      "upgrade": 2
    }
  },
  "upgrade": {
    "precision": 0.9775280898876404,
    "recall": 1.0,
    "f1-score": 0.9886363636363636,
    "support": 87,
    "confused_with": {}
  },
  "shutdown": {
    "precision": 1.0,
    "recall": 1.0,
    "f1-score": 1.0,
    "support": 29,
    "confused_with": {}
  },
  "setup_printer": {
    "precision": 1.0,
    "recall": 1.0,
    "f1-score": 1.0,
    "support": 21,
    "confused_with": {}
  },
  "accuracy": 0.9880239520958084,
  "macro avg": {
    "precision": 0.9943820224719101,
    "recall": 0.9833333333333334,
    "f1-score": 0.9885384012539185,
    "support": 167
  },
  "weighted avg": {
    "precision": 0.9882930767678126,
    "recall": 0.9880239520958084,
    "f1-score": 0.9878855142379818,
    "support": 167
  },
  "micro avg": {
    "precision": 0.9880239520958084,
    "recall": 0.9880239520958084,
    "f1-score": 0.9880239520958084,
    "support": 167
  }
}